Unnamed: 0,label,text
0,災害防治,化學槽車灌救完畢後，環保局人員在現場監測
1,災害防治,高雄林園工業區7日凌晨發生火警，一輛化學槽車在灌裝氣體時不慎起火，所幸司機迅速逃離，並無人傷亡
2,災害防治,高雄林園工業區石化一路，凌晨1點多發生化學槽車起火意外，消防局獲報後迅速趕抵現場灌救
3,災害防治,根據了解，起火原因疑似化學槽車正在灌裝易燃氣體氯乙烯時，不慎引起火花導致槽車起火，司機見狀受到驚嚇自行脫困，幸無受傷
4,災害防治,至於化學槽車真正爆炸起火的原因，仍須辨識人員進一步追查
5,災害防治,中壢工業區某科技工廠26日下午發生化學槽車外洩工案意外，消防人員穿防護衣搶救中
6,災害防治,消防局也緊急聯繫環保署環境事故技術小組、市府環保局稽查科等專業人員到場協助鑑定，警消人員在現場以強力水柱噴灑稀釋戒護中，至於化學槽車為何外洩，消防人員將等專業人員到場鑑定事故原因後再行釐清
7,災害防治,邊佳蘭煉油與石化公司是馬來西亞國家石油公司和沙地阿拉伯國家石油公司的策略合作聯營公司，在16日發起聲明表示，目前情勢已經獲得控制，並在第一時間啟動緊急應變小組，將會與有關的單位保持密切的聯繫
8,災害防治,消防當局動員附近消防局的人力及裝備，共出動240多名消防員及38輛消防車，約2小時後，於5時12分撲滅火勢，目前持續處理殘火
9,災害防治,警方及消防當局初步判斷，起火點位於石腦油裂解中心
10,災害防治,消防當局推測，工廠在生產乙烯過程中發生意外，導致爆炸，將了解廠方說法後調查詳細事發原因
11,災害防治,意外發生後，樂天化學已經中斷大山工廠部分作業，製苯的BTX工廠及製造丁二烯的工廠也停工
12,災害防治,爆炸發生當時伴隨巨大晃動，導致附近商家及民宅出現窗戶破裂、外牆剝落等狀況，居民也因為巨響從睡夢中驚醒
13,災害防治,有民眾表示，「就像有飛彈掉下來一樣，總共發生2次爆炸
14,災害防治,我們村裡也有人家裡的屋頂因為爆炸而倒塌，因此受傷，簡直是一團亂
15,災害防治,26日清晨台東市中正路與精誠路口「順蓮」老牌製冰工廠再傳氨氣(阿摩尼亞)外洩，台東縣消防局出動4部化學車及水箱車在現場警戒
16,災害防治,老牌製冰廠上週五21日晚間有大量氨氣外洩，當時消防車對工廠灑水降低濃度後進行止洩
17,災害防治,南韓西南部一條高速公路17日發生30多輛車連環車禍，其中一輛載有1.8萬公升硝酸的油罐車於隧道內翻覆起火，有毒氣體瞬間充斥整個隧道
18,災害防治,此外，事故導致載有1.8萬公升硝酸的油罐車起火燃燒，消防部門派出81輛消防車和200多名消防人員前往現場灌救
19,災害防治,中國大陸遼寧省葫蘆島經濟開發區一間化學工廠11日發生爆炸及火災，共造成5人死亡、10人受傷，3名失蹤者被發現時均已死亡
20,災害防治,根據新華社報導，爆炸發生地點為遼寧先達農業科學有限公司的烯草酮廠房
21,災害防治,桃園市某國中劉姓理化老師今年5月間指導學生使用鋅粉化學實驗，鋅粉扔進垃圾桶卻引發火警
22,災害防治,警方事後查出劉男涉及公共危險，火警燒毀實驗桌與垃圾桶，幸好消防人員及時趕抵撲滅未釀成重大災情，劉男被警方依公共危險罪嫌送辦
23,災害防治,據了解，該輛化學槽車今天上午到台中港西碼頭載運30噸的丙二醇甲醚，要到苗栗送貨，但才開了10多公里就在南橫八路上自撞分隔島翻覆，致丙二醇甲醚外漏及路面有油漬，化學槽車駕駛輕傷，送童綜合醫院急救
24,災害防治,東鏘企業負責人楊世安表示，可能是下午在生產作業時引發火勢，因他不在現場，不是很清楚，確切起火原因要等待調查，至於損失多少，因為起火的廠房是主要產線
25,災害防治,雲林縣環保局表示，該公司為固定源汙染列管場所，為膠帶製造業，主要製程使用有機溶醋酸乙酯、甲苯、丁酮皆為易燃物，已經派員現場稽查及採樣，呼籲斗六民眾外出時做好自我防護
26,災害防治,有學生在做實驗到一半，突然冒煙疑似是氫氟酸（俗稱化骨水）外洩
27,災害防治,警方獲報後不敢大意立刻派人趕到現場，馬上疏散一整層約數百名學生，消防局亦派出化學車前往現場救援，所幸目前暫時沒有人員受困或傷亡
28,災害防治,現場是環境與安全衛生工程系研究室，教室內有學生晚間反應聞到異味，擔心是化骨水（氫氟酸）外洩才急忙通報學校疏散
29,災害防治,消防局晚間8時許確認，冒煙的物質是重鉻酸鉀，經了解是學生在實驗室做實驗，不小心導致重鉻酸鉀冒煙，沒有任何外洩的狀況
30,災害防治,美國德州一座石油化學工廠於27日凌晨1時左右爆炸，相隔12小時後又傳出二度爆炸
31,災害防治,沒想到，大約12小時後又傳出二度爆炸，甚至把一座塔樓噴飛到半空中，熊熊烈火延燒超過17小時，依然無法被撲滅
32,災害防治,位於休士頓郊區的石化廠27日凌晨1時左右第一次爆炸，導致2名員工與1名承包商受傷，內奇斯港也遭到大面積破壞
33,災害防治,第二次爆炸發生在12小時之後，爆破力道讓一座塔樓被拋飛，火球四射，延燒超過17小時
34,災害防治,警長霍姆斯表示，「火勢已經受到控制，不會再往任何地方蔓延，但仍無法被撲滅
35,災害防治,石油化學工廠火勢猛烈，延燒超過17小時
36,災害防治,他指出，第一次爆炸把廠內電力切斷，相關單位「無法確認可用化學用品的數量，也沒辦法計算燃燒率
37,災害防治,蒙克在記者會上表示，首先要控制火勢，確保周圍儲存槽冷卻，接下來再滅火，調查爆炸原因
38,災害防治,TPC集團的石化廠發生爆炸，附近居民被疏散
39,災害防治,警方證實，爆炸案導致許多住宅大門被吸走，內奇斯港遭受「廣泛的破壞」，呼籲民眾「遠離工廠附近的道路，遵守所有設置的路障
40,災害防治,也有人表示，一起床就發現住家的前、後門都不見了，窗戶全部碎裂
41,災害防治,台塑位於林園氯乙烯廠於今(7)日凌晨因卸料時氯乙烯槽車安全閥跳脫發生火災，但於2分鐘內即撲滅，對營運不造成影響，但也因此事故，該廠提前一個工作天歲修
42,災害防治,環保局表示，台塑林園廠7日凌晨1時許槽車卸載作業時，因釋壓閥跳脫，導致卸載的氯乙烯洩漏發生火警
43,災害防治,環保局7日表示，將依空氣汙染防制法第32條第1項第4款，先裁處45萬元，另因台塑林園廠此次洩漏的為毒性化學物質，將聯合市府各局處深度稽查，如有其他違規情況，將另依法裁處
44,災害防治,受到高雄氣爆影響，高雄街頭石化槽車滿街跑，終於釀災
45,災害防治,車禍發生在林園南路與沿海二路，兩輛車撞上後車頭全毀，由於化學槽車載有氯化烯，高雄市環保局與環保署南區應變隊緊急趕到現場採樣，並封鎖雙向四線道，所幸初步檢測並沒有外洩，引發虛驚
46,災害防治,中油高雄林園廠新三輕一座燃燒塔昨晚近九時冒出熊熊火光，照亮夜空，且傳出「嘶、嘶」響聲
47,災害防治,台電一條特高壓線路昨天下午近一點半突然故障，造成小港區、大寮區、林園區三萬多戶停電，林園工業區也因台電六萬九千伏特的超高壓電輸配系統斷電，造成林園工業區九家廠商跳?，業者損失情況待進一步清查
48,災害防治,警消初步調查後認為，爆炸源頭並非原本認為的居酒屋，而是隔壁的房仲公司，疑似職員噴灑逾百瓶除臭噴霧罐，導致爆炸
49,災害防治,警方認為，可能是噴霧罐的瓦斯等易燃成分被點燃而爆炸，但詳細原因仍待進一步調查
50,災害防治,另外，據到達現場的煤氣保安中心工作人員透露，在居酒屋外面放有5個50公斤的丙烷儲氣罐，房地?店外面放有2個20公斤的儲氣罐
51,其他,不過，醫生謹慎的進一步診斷，發現病人似乎並非染疫，經詢問才確認原來是消毒液惹禍
52,其他,最後，醫生詢問後確認，因為病人在家裡濫用84消毒液，從而患上過敏性肺泡炎
53,其他,新冠肺炎仍持續延燒，民眾該如何做好居家消毒工作？酒精、漂白水、次氯酸水的使用途徑與使用方法有何不同，該如何選用呢？健談圖文整理居家消毒常見問題，跟著健談一起來瞭解
54,其他,酒精消毒酒精可以使冠狀病毒的蛋白質出現變性，導致病菌死亡，故可作為消毒使用
55,其他,但吳醫師也叮嚀，酒精對於腸病毒、諾羅病毒、輪狀病毒無效，可改用稀釋含氯漂白水來清潔環境
56,其他,市售含氯漂白水中因含有「次氯酸鈉」成分，故可將漂白水稀釋後作為環境消毒使用
57,其他,根據衛生福利部建議，將次氯酸鈉濃度約5%的含氯漂白水加入100倍清水稀釋，即可得到500ppm的自製消毒水，可用於擦拭門把、桌面、拖地、清潔玩具使用
58,其他,近期常聽到次氯酸水是什麼？與漂白水中的「次氯酸鈉」有什麼不同？
59,其他,次氯酸水標榜可以作為食器、食材消毒使用，但其實無論是次氯酸、次氯酸鈉都成分不可食用
60,其他,次氯酸水與次氯酸鈉都有刺激性，經常接觸恐誘發呼吸道、皮膚過敏反應
61,其他,次氯酸水、次氯酸鈉成分皆具刺激性，經常與皮膚接觸恐誘發皮膚炎或過敏反應
62,其他,此外，漂白水稀釋前的次氯酸鈉濃度高，有明顯的刺鼻臭味，若不慎大量吸入會刺激呼吸道、甚至誘發氣喘發作，因此使用時需特別小心留意
63,其他,吳書毅醫師提醒，就個人防疫來說，勤用肥皂洗手仍是最安全、有效的做法，過度依賴酒精、乾洗手液、或其他消毒產品都可能刺激皮膚造成發炎或不適症狀
64,其他,消毒水調製的比例可採1公升水加入20c.c.的漂白水混勻即可，擦拭玩具時建議戴上手套，先以毛巾沾取消毒水擦拭玩具各處，再以清水徹底擦拭一次，並放置於通風良好處任其陰乾
65,其他,此外，吳書毅醫師補充，若想要避免玩偶誘發氣喘問題，則可將絨毛玩偶包好放入冷凍庫冰凍一天再取出曬乾，即可有效殺死塵蟎喔
66,其他,海巡署查獲宜蘭2人以工業用異丙醇冒充醫療酒精，大賺黑心財
67,其他,臺東查緝隊日前接獲情資，遂以簡陋設備及工業用異丙醇做為原料，謊稱為75%的醫療用酒精
68,其他,「海巡署長室」臉書6日也同步貼文指出，海巡署台東、宜蘭查緝隊會同了警察友軍，在宜蘭破獲一座「非法地下酒精工廠」
69,其他,兩名犯嫌以簡陋的設備及工業用異丙醇做為原料，稀釋分裝後，向外謊稱是75%的醫療用酒精，並以市價的1.8倍，透過通訊軟體向民眾販售
70,其他,同樣都在宜蘭，宜蘭酒廠上個月才宣布停止「年收入3億元」招牌紅露酒的產線，配合政策全力生產醫療用酒精，一起加入防疫陣線
71,其他,此刻「台灣隊長」們正日以繼夜的生產口罩、酒精、製藥與查緝不法，相信一定能挺過這次疫情，讓我們一起加油
72,其他,原來是金氏將氰化鉀放入雙花茶內，在鄰居泡完澡準備起身時拿給對方喝，目的是為了偷走鄰居身上的金飾
73,其他,過程中她使用同樣的手法，讓全氏喝下混有氰化鉀的飲料，導致對方在公車上昏迷，最後心臟麻痺死亡，身上所有財物都被金氏拿走
74,其他,氰化鉀外觀無色或白色，帶一點杏仁味，易溶於水，一般人攝取100至200毫克，在30秒內會昏迷，45分鐘會抽搐身亡
75,其他,警方懷疑金氏後，耗費大量人力和時間將先前土葬的4具屍體開棺驗屍，才驚覺所有的遺體內都有氰化鉀，急忙派2名女警去金氏家裡搜查，最後在廁所牆壁的小洞中發現了一個用報紙包起來的東西，打開後裡面全都是氰化鉀
76,其他,至於她是如何取得大量氰化鉀？原來是她的姪子在化學工廠上班，她以「殺野雞」為由向對方取得
77,其他,冷血殺害了5人的金氏，最終在1997年12月30日執行死刑，享年58歲，也是韓國最後一批死刑犯
78,其他,嬌生集團今天表示，針對嬰兒爽身粉日前遭美國食品暨藥物管理局（FDA）驗出微量石綿，嬌生重新進行15項檢驗，顯示爽身粉並不含石綿
79,其他,嬌生在聲明中說：「嚴謹第三方檢驗結果證實，嬌生嬰兒爽身粉不含石棉，我們堅守產品安全性
80,其他,為證明旗下這款用途廣泛的產品安全無虞，嬌生進行這一系列最新檢測
81,其他,石綿是一種致癌物質，與致命間皮瘤（mesothelioma）有關
82,其他,這次回收行動對於擁有130多年歷史的美國醫療保健集團嬌生來說是最新打擊，嬌生正面臨1萬5000起產品訴訟，包括嬰兒爽身粉、鴉片類藥物、醫療設備和抗精神病藥物理思必妥（Risperdal）
83,其他,屏東可可果種植面積達256公頃，巧克力、可可茶等產品也打出品牌，然而可可產業雖促進產銷發展，同時卻也產生大量可可莢殼等廢棄物
84,其他,食安處表示，廢棄藥品處理方法，可依照藥品的類型處理
85,毒品,青少年藥物濫用情形嚴重，教育部在各縣市成立諮詢服務團，近年透過戶外體驗學習、山林教育，幫助有沾染毒品疑慮的學生，找回規律的生活作息及挑戰自我的管道
86,毒品,最近一名少女與男友在桃園一家汽車賓館，混合使用笑氣、毒品咖啡包，少女太過興奮休克猝死
87,毒品,行政院明擬通過法務部擬具「毒品危害防制條例」部分條文修正草案，未來查獲新興毒品若不便保管，在取樣後，即便法院尚未判決確定，仍可先行銷燬
88,毒品,修法後吸毒者若經緩起訴可先由醫療機構評估，進行多元戒治，不是直接送勒戒強制戒治
89,毒品,她並說，現行毒品施用者若經緩起訴，依規定須將毒品施用者送交勒戒、觀察，強制戒治，但修法後可先由醫療機構評估，採取精神治療、心理輔導或戒癮治療等更多元、適切與相對柔性的做法
90,毒品,警方說這批毒品若流入市面將可製作350萬包咖啡，粗估這批毒品市價超過新台幣3億元
91,毒品,警方監控多時，發現桌嫌在10月中旬開著貨車把24箱一粒眠毒品交給郭姓男子，然後郭嫌再把毒品載到新北市五故區某社區大樓公寓內存放
92,毒品,在10月21日行動攻堅搜索該社區大樓，總共查獲217公斤的三級毒品一粒免，並查扣兩輛運毒車輛
93,毒品,新北市破獲K他命製毒工廠，現場放著瓦斯桶、快速爐、大鐵鍋等製毒器具
94,毒品,犯嫌製毒過程中用以過濾雜質的漏斗也是大型的
95,毒品,陳男利用相思樹皮提煉毒品原料，賺進百萬，遭羈押後仍重操舊業
96,毒品,陳男被捕後遭到羈押，但期滿交保獲釋後，卻經不起利益誘惑，再度重操舊業，跑到板橋區南雅夜市出租套房內，製毒牟利
97,毒品,因為一個人抽大麻時，四氫大麻酚會淹沒大麻素系統，干擾他們在神經元之間交流的能力
98,毒品,美國各州在使用大麻合法性歧異的問題仍然存在，儘管在許多州已經完全合法多年，但許多國家仍倡議將大麻視為跟海洛因同樣有害
99,毒品,加拿大籍華裔危姓男子夾帶混充普洱茶餅的20包大麻花，毫無遮掩裝在托運行李內企圖闖關，被關務署台北關及航空警察局安檢大隊、刑警大隊緝毒人員攔截查獲，起出毛重超過20公斤的大麻花
100,毒品,記者張方瑀／綜合報導泰國日前發生3名男子差點因注射過量海洛因而身亡，此案件受到關注的原因在於，警方從他們吸食的海洛因中，竟驗出合成鴉片類藥物芬太尼（Fentanyl）
101,毒品,不同於植物性藥物，屬於合成藥物的芬太尼，是鴉片類強效麻醉性鎮痛藥，藥效更勝嗎啡，更容易使人上癮
102,毒品,刑事局中部打擊犯罪中心今天表示，日前破獲大麻工廠，在犯嫌承租的透天厝內，發現新興的毒品卡痛葉，不少人誤會是舒緩疼痛、助眠的天然草藥，吸食後有致死疑慮
103,毒品,刑事局中部打擊犯罪中心今天上午召開記者會指出，9月查獲苗栗竹南鎮一處大麻毒品製造工廠
104,毒品,趙男在新竹市北區承租的透天厝，當場查獲大麻株、乾燥大麻株、大麻種子、乾燥大麻葉等多項贓證物
105,毒品,其中，警方查扣今年才公告列管的第三級毒品卡痛葉，具有嗎啡衍生物的特性，許多人誤認卡痛葉有舒緩疼痛、助眠的天然草藥，但吸食後會有心跳過快、意識混亂、嘔吐、血壓高等症狀，過量恐致死
106,毒品,而荷蘭也是目前歐洲最大的合成毒品生產國，巴爾幹半島則是最賺錢的毒品轉運站
107,毒品,古斯狄兒表示：「越來越大的毒品市場，使新興的販毒集團日漸增加，而為了龐大的利益，他們也不惜與競爭者一戰
108,毒品,」2018年歐洲約有2500萬人有使用毒品的紀錄，其中大麻為最大宗，而最少被服用的搖頭丸也有260萬人使用的紀錄
109,毒品,警方從車上找到搖頭丸6顆、FM2藥丸12顆、吸食安非他命毒品使用過的軟管1支，已將兩人因違反毒品危害防制條例、妨害公務等罪嫌送辦
110,毒品,他說，自己因好奇，向年籍不詳的陌生男人購買K他命毒品，對方宣稱「優待大放送」，免費送他2顆添加毒品的毒糖果試用
111,毒品,警方現場查獲毒品大盤商葉姓男子（30歲）及小盤商及其手下等11名男子，發現該處儼然是毒品交易的發貨中心
112,毒品,但警方在400多公斤的半成品中粗篩出毒品反應，因此將他依毒品罪嫌移送法辦
113,毒品,44歲的陳男只有國中畢業，卻自學製毒，在各地取得安毒原料後，將公寓改造成製毒工廠，全天候製作K毒，但過程會產生塑膠臭味，很快就被人檢舉
114,毒品,刑事局警方前天於新北市深坑查獲一處大型製毒工廠，起出800多公斤的K他命製毒原料及關鍵溶劑1000公斤，以及23公斤成品80公斤半成品
115,毒品,其中10月9日台北關稅局發現一件國際郵包，經Ｘ光發現有毒品含量的軟糖等，檢警喬裝郵務人員送貨，林姓友人出來收貨而被逮，並翻出這件重大毒品走私案
116,毒品,警方另起出手機2支、新台幣2萬100元，經當場以毒品試劑檢測後均呈毒品陽性反應
117,毒品,只是莊男卻連對方的連絡方式及揪團對象都說不清楚，供詞明顯避重就輕，警方懷疑他涉嫌販毒且現金疑就是販毒所得，訊後先將全案依毒品罪嫌送辦，再繼續深入追查
118,毒品,羅男被拍下的照片主要是羅男長期吸食毒品，導致兩頰凹陷，眼神空洞等，足見吸食毒品危害，呼籲民眾千萬不要接觸毒品
119,毒品,年輕人吸毒脫序的行徑有夠誇張
120,毒品,25歲陳男與27歲陶男是好友關係，陶男吸毒時常約陳男到家裡作伴
121,毒品,警方對陳男被砍殺兩天、流下大片鮮血還能清醒報案頗感訝異，趕緊將他送醫，急救後已無生命危險
122,毒品,江明學於警詢過程十分配合，聲稱壓力大，才會自交友軟體購買安毒
123,毒品,台北關指出，毒郵票是紙張浸泡麥角二乙胺，放入舌下含著，可以持續興奮作用長達12個小時，毒性為K他命的3倍，公告列入二級毒品
124,毒品,楊姓女子與林姓丈夫因談離婚吵架，林男隔天返家看見妻子在住處身亡，旁邊還有毒品，以為妻子負氣吞毒自殺，自責不已
125,毒品,警方初判，楊女可能短時間內喝酒又服用混合毒品才暴斃，將解剖釐清確切死因
126,毒品,警方調查，25歲林姓裝潢工人與在按摩店上班的19歲楊女結婚
127,毒品,黃女告訴警方，她與楊女先喝酒再喝毒品咖啡包，覺得「不夠力」再吞搖頭丸
128,毒品,提醒民眾，勿飲用來路不明飲料，飲品也切勿離開視線，勿讓有心人士有機可乘
129,食品安全,據瞭解，烯草酮為一種環己烯酮類除草劑，是目前最具有商業前景的一種環己烯酮類除草劑，被廣泛用於黃豆、油菜等多種闊葉作物田，對多種禾本科雜草有良好防效
130,食品安全,醫師提醒，吃過多不需要的保健食品是身體負擔，特別是蜂膠及苜蓿芽產品會刺激免疫系統，反而會害過敏大爆發
131,食品安全,包括了消基會抽驗台灣市售蜂蜜有5成不符合國家標準、澳洲有標榜「純蜂蜜」卻其實添加中國製的糖漿、美國市面上販售的蜂蜜有76%是假的
132,食品安全,蜂蜜摻偽不管在國內外，都是相當嚴重的問題，更嚴重影響消費者信心
133,食品安全,德國騰德集團歐洲食品摻偽鑑定中心主任亞恩・杜貝克指出，蜂蜜摻偽是一個持續發生的問題
134,食品安全,在蜂蜜中額外添加、取出天然物質，都算是蜂蜜造假
135,食品安全,杜貝克表示，歐洲蜂蜜造假的規定與台灣相比嚴格許多，歐盟針對蜂蜜產品有一套相關的指令清楚定義，其中最重要的核心是不可在蜂蜜中添加額外的物質或『取出』其中天然存在的物質」
136,食品安全,唯一的例外是可以過濾花粉，但如有過濾花粉的蜂蜜就需要在包裝標示上說明
137,食品安全,如何鑑別純蜜？目前以NMR法能夠全方位分析
138,食品安全,目前台灣的蜂蜜造假方法中，以「混摻糖漿」是最常發生的，消費者通常難以分辨，因此必定得透過化學鑑定方法才能揪出不法業者
139,食品安全,坊間有人會建議以蜂蜜加水後搖晃查看產生的泡沫持久度，若泡沫量少且很快就消失即是假的蜂蜜，杜貝克則對於這種辨別方式保持存疑，認為仍無法100%確認結果，使用檢測技術才比較能明確確認
140,食品安全,杜貝克也分享，目前檢測蜂蜜摻偽有幾種常見的作法，例如以光學顯微鏡檢視花粉的組成：以顯微鏡檢視花粉是否符合該產品宣稱的植物來源
141,食品安全,要檢測的蜂蜜產品與資料庫作比對，可確定產品是否摻有其他糖漿、植物來源以及產地是否符合宣稱
142,食品安全,利用NMR就可以一次查看到不同的檢測結果，是目前最新以及最全方位的鑑定方法，蜂蜜造假技術推陳出新
143,食品安全,使用檢驗分析技術揪出蜂蜜摻偽，但為了躲過這些檢測方法，蜂蜜造假的技術也同樣地一直在進步
144,食品安全,縣府農業處提到，為兼顧植物保護需求與農民的健康及安全，禁用劇毒性成品農藥是國際農藥管理趨勢，國內也已陸續禁用多種劇毒農藥
145,食品安全,巴拉刈屬劇毒農藥，人體誤食後，因無有效的解毒劑，容易不當使用無法救治導致不幸，對健康的威脅相當危險
146,食品安全,農業處表示，農委會自民國106年10月5日預告禁止販售和使用巴拉刈，至今宣導緩衝期已長達2年以上，2月起正式禁止農藥販賣業者販售及農民使用
147,食品安全,也呼籲農藥行及農友務必遵守規定，切勿僥倖販賣及使用禁用農藥以免觸法，販賣禁用農藥最高可處5年以下有期徒刑，併科新台幣500萬以下罰金，農友若使用禁用農藥，最重可處15萬元以下罰金
148,食品安全,年節期間，民眾大魚大肉之際，經常會購買魷魚乾烹調菜色，但就有一些不肖廠商，竟販賣黑心魷魚乾
149,食品安全,屏東簡姓攤商為使魷魚乾軟化膨脹，長期非法使用工業級氫氧化鈉浸泡後再賣給市場攤販、超市及火鍋店，檢方以違反食安法起訴簡男後，最高法院將他判刑6個月定讞，並給予緩刑2年的自新機會
150,食品安全,檢方起訴指出，簡男2017年6月至2018年6月間，向鄭姓業者經營的化工原料行，購買「液鹼」用來浸泡魷魚乾，等魷魚乾軟化膨脹後再以清水洗淨，運往傳統市場、超市及火鍋店販售，供不特定消費者食用
151,食品安全,由於工業用液鹼不能用於食品，檢方因此依照違反《食品安全衛生管理法》，對簡男提起公訴
152,食品安全,法院審理時，簡男否認犯罪，辯稱十多年來他都向鄭姓業者購買液鹼，他不知道液鹼不能用來浸泡魷魚乾
153,食品安全,不過鄭姓業者作證時表示，液鹼不能添加在食品內，販售前他一定會向客戶說明，桶子上也貼有標示及注意事項
154,食品安全,其中北市第一果菜批發市場零批場4項殘留農藥不符規定，並通知台北農產公司針對違規供應商停止供應10天
155,食品安全,北市衛生局食品藥物管理科科長陳怡婷指出，這次其它檢出產品包括「菠菜」、「百香果」各1件檢出3項殘留農藥不符規定
156,食品安全,依行政院農業委員會公告，這次抽驗檢出殘留農藥殺菌劑待克利、達滅芬、賓克隆與殺蟲劑達特南、因滅汀、因得克等均為合法登記並領有許可證的農藥，但殘留農藥含量應符合農藥殘留容許量標準
157,食品安全,陳怡婷表示，針對不符規定產品北市衛生局已命抽驗地點下架不得販售，移請產品來源所轄衛生局溯源並輔導農民正確田間施藥
158,食品安全,「宜家家居股份有限公司（IKEA）」先前被爆出，進口自印度的「TROLIGTVIS隨行杯」被驗出塑化劑超標
159,食品安全,據星島日報報導，香港IKEA近日指出，最近的測試報告顯示，印度製造的隨行杯中，含有超出指定標準的塑化劑鄰苯二甲酸二正丁酯，且有機會轉移到食物當中，因此所有分店都將進行回收
160,食品安全,然而，光是呼籲與警告並沒有發揮效果，甚至本次事件發生最大傷亡規模的聖誕派對上，部分蘭班諾椰子酒的來源，竟是由地方政府所購買
161,食品安全,截止2019年12月23日，獲得菲律賓食品和藥物管理局許可證的蘭巴諾產品僅14個
162,食品安全,美國食品暨藥物管理局（FDA）今天淡化已下架知名胃藥「善胃得」含汙染物N-亞硝基二甲胺（NDMA）構成的風險，聲稱檢測結果顯示，患者服用善胃得後不會在體內形成致癌物
163,食品安全,不過，FDA對含雷尼替丁成分的原廠藥與學名藥進行檢測，發現這種非處方藥有些廠牌的NDMA濃度，是FDA「容許量」的9倍
164,食品安全,FDA說，為了模擬善胃得如何在使用者胃部與小腸發揮作用，FDA展開的試驗顯示，善胃得不會導致體內形成NDMA
165,食品安全,FDA表示，仍計劃在人類患者身上進行藥物試驗，以全面了解藥物被人體吸收後是否會形成NDMA
166,食品安全,善胃得是法國製藥公司賽諾菲集團（SanofiSA）在美國銷售的藥物，由於可能汙染到NDMA，善胃得和一些學名藥已經回收
167,食品安全,FDA今年10月表示，在含有雷尼替丁成分的藥物中發現的NDMA含量令人無法接受
168,食品安全,美國線上藥品零售商Valisure先前曾提出雷尼替丁會導致病患體內形成NDMA的說法，當初是向FDA警告藥物可能受到汙染
169,食品安全,國際陸續傳出部分降血壓、胃藥與第二型糖尿病用藥遭驗出具動物致癌性雜質
170,食品安全,衛福部食藥署表示，除了持續呼籲業者自主管理，12月5日起我國限制沙坦類（Sartan）、雷尼替定（ranitidine）與二甲雙胍類藥物（metformin）檢驗證實NDMA低於限量才能輸入
171,食品安全,食藥署也抽驗市面上30餘款二甲雙胍類藥物，待結果出爐再公告
172,食品安全,食藥署表示，依國際藥政管理單位推論，NDMA不純物的產生可能與製程相關，隨著檢驗技術更靈敏才陸續傳出藥品摻有這種雜質
173,食品安全,不過，我國「中華藥典」將陸續納將NDMA檢驗規格納入，目前優先將沙坦類降血壓藥的檢驗規格納入，預計今年底完成
174,食品安全,我食藥署藥品組簡任技正黃琴喨表示，上述三款藥品我國均未核准且未輸入
175,食品安全,食藥署已針對藥品中亞硝胺類不純物採取風險管控措施，11月13日發文給藥品相關公學協會轉知藥品製造或輸入業者，要求主動評估及檢測藥品製程
176,食品安全,另外，12月5日起要求風險程度較高的成分逐批檢驗原料藥，經檢驗合格者，始得輸入或供製劑使用
177,食品安全,農糧署今表示，經食藥署抽檢樣本，都沒有檢出黃麴毒素或農藥殘留
178,食品安全,為穩定花生產銷及產地價格，農糧署近期輔導農會、合作社場辦理108年2期作花生穩定產地價格措施，以每台斤40元以上採購達一定品質花生，價格由買賣雙方合議後交易
179,食品安全,但由於收購來的花生部分存放在紙廠倉庫、保齡球館，外界質疑恐會產生黃麴毒素等危及食安，農糧署上周找來食藥署確認存放條件是否安全
180,食品安全,農糧署表示，經會同食藥署共同抽檢樣本送藥物毒物試驗所檢驗，12月12日抽檢樣本經檢驗後，都沒有檢出黃麴毒素及農藥殘留
181,食品安全,國際間發現部分胃藥中的成分「雷尼替定」（ranitidine）含可能致癌物NDMA成分，食藥署上月20日緊急將我國含「雷尼替定」的38項藥品預防性下架
182,食品安全,衛福部食藥署藥品組科長洪國登表示，截至昨天，我國含「雷尼替定」的38項藥品當中，已有15項、287批提出檢驗合格證明文件，可恢復供應銷售，另23項、420批藥品則應啟動回收作業
183,食品安全,建議正在服藥的民眾可考慮至藥局換掉問題批號藥品，或是回頭請醫師處方其他適當藥品
184,食品安全,洪國登表示，NDMA雖具動物致癌性，但對人類影響的證據不足
185,食品安全,目前確認NDMA非業者刻意添加，而是因為使用到「雷尼替定」原料藥所致
186,食品安全,但產生NDMA的原因待釐清，國際間各藥政主管機關持續調查
187,食品安全,但你知道嗎？其實在一般釀酒的過程中便會產生少量甲醇，尤其在釀造水果酒的過程中，甲醇的量又會比一般穀類釀造的酒類來得更多
188,食品安全,以柑橘類來說，其所含之果膠含量普遍較高，尤其柚子的每瓣果膠含量更高達6%以上，應盡量避免
189,食品安全,因為皮蛋在製作過程中，會受到溫度與酸鹼度的影響，不少業者會額外添加氧化鉛或氧化銅等重金屬物質使製程安定，提高皮蛋的製成率與品質
190,食品安全,如果重金屬物質添加過量，或是蛋殼的氣孔過大，有可能出現殘留物超標的問題，政府針對皮蛋殘留鉛、銅的量分別訂定限量標準為0.3PPM、5PPM以下
191,食品安全,衛生局建議消費者挑選皮蛋時，應選擇外殼、包裝完整、有CAS標章，及來源、有效日期標示清楚的產品
192,食品安全,建議民眾清洗蔬菜時應去除外葉，以水沖洗蔬菜根部將泥沙清除，並摘除根部，以清水浸泡，再以流動清水沖洗
193,食品安全,衛福部食藥署公布今年度「金針乾製品稽查抽驗專案」執行結果，抽驗的504件金針乾製品當中，有七件二氧化硫殘留量不合格，約每百件有一到二件不合格
194,食品安全,食藥署表示，消費者選購金針時，可選擇具「台灣金針標章」或「台灣農產品生產追溯條碼（QRCode）」的產品，買回家後應謹記「泡、洗、煮」三步驟，以保障食安
195,食品安全,食藥署與地方衛生局共同執行本專案，抽驗504件金針乾製品的二氧化硫殘留量，發現其中七件超標，不合格率1.4%，最高超標1.54倍
196,食品安全,在各業別當中，販售業的合格率為99.5%，供應餐食業為98.3%，而加工業及盤商為98%
197,食品安全,不符規定者已由地方主管機關依「食品安全衛生管理法規定」裁處或後續辦理
198,食品安全,食藥署過去在「藥物食品安全週報」中介紹，市售金針乾為保色、防腐，在乾製過程中經常使用亞硫酸鹽，亞硫酸鹽會轉換成二氧化硫而殘留在產品中
199,食品安全,要避免買到二氧化硫過量的金針乾，可選擇具有「台灣金針標章」或「台灣農產品生產追溯條碼（QRCode）」的產品
200,食品安全,警方表示，在被扣押的薑片中，發現漂白劑成分，二氧化硫嚴重超標，最低29倍、最高138倍
201,食品安全,「木瓜」、「木瓜柳丁」、「蘿蔔」、「油菜」、「蚵白」各1件檢出2項殘留農藥不符規定
202,食品安全,「美濃」、「苦瓜」、「蚵白」各1件及「大陸妹」2件各檢出1項殘留農藥不符規定
203,環境汙染,根據美國國家醫學圖書館，這種無色氣體被認為有害健康
204,環境汙染,但德州環境品質委員會指出，工廠以西4英里觀測站所檢測到的丁二烯含量遠遠低於構成健康問題的濃度或異味程度
205,環境汙染,根據國家環境毒物研究中心研究，短時間內吸入高濃度的氯乙烯，會引起頭暈、嗜睡、神智不清，若吸入極高濃度的氯乙烯，則可能導致死亡
206,環境汙染,警方初步研判，化工廠因全國封鎖而無人看管照顧，5000噸儲藏槽內不明原因出現化學反應，熱氣增加，導致化學氣體外洩
207,環境汙染,此外，長期吸入氯乙烯，可能會導致肝臟與免疫反應的永久性損傷、神經系統危害，以及肝癌的產生
208,環境汙染,另外，把買來的穀物或寵物飼料，從原來的塑膠包裝取出，放入密封的容器中，避免老鼠或昆蟲破袋而入
209,環境汙染,台南市政府18日召開台南市河川及海洋污染防治小組第13次會議，會中專家學者及各與會單位，對於河海保護相關議題熱烈討論，並訂定污染整治目標，完成水清魚現及永續海洋等願景目標
210,環境汙染,會議上市府各局處展現2019年整治豐碩推動成效
211,環境汙染,在河川污染防治上，環保局在稽查管制上運用科學儀器辦案並結合環檢警結盟，共計稽查5636家次，停工12家次
212,環境汙染,台南市政府召開台南市河川及海洋污染防治小組會議，對於河海保護相關議題熱烈討論，並訂定污染整治目標
213,環境汙染,在海洋污染防治上，推動垃圾不入海，清除河面垃圾達4.5公噸
214,環境汙染,為落實「船上垃圾不入海」，鼓勵漁民在捕魚過程中，將海漂廢棄物打撈上岸，減少海洋廢棄物，目前台南市共300艘環保艦隊
215,環境汙染,台南市長黃偉哲表示，為達成111年台南轄內無嚴重污染河段，除持續以滾動方式調整水質短中長期策略目標，後續推動重點主要包括1、科學設備進行辦案，讓不肖業者無所遁形
216,環境汙染,考量台南古都風華，台南市政府仍將積極結合觀光遊憩、文創產業等內容，提高民眾親水意願，依循「治水、淨水、親水及活水」等階段，達到水清魚現、永續海洋之願景
217,環境汙染,特別注意：聽診器、地板、排氣口風扇上都有病毒
218,環境汙染,但公司管理階層隱瞞相關訊息，讓員工飲用受汙染的地下水，並暴露在汙染環境下，導致工廠2萬餘名員工中，至今有2000人罹患癌症，更有超過230人因癌症死亡
219,環境汙染,案經上訴第三審，最高法院2018年8月間放寬因果關係的舉證責任，認定RCA與法商湯姆笙等4家公司未保護勞工安全及健康，汙染後又掩藏相關事證，因此針對其中的262名員工，判准共5.1億元賠償確定
220,環境汙染,但也對另外246名員工求償的部分，認為二審認定部分員工資料不夠清楚、或未查明死亡證明和病歷就駁回請求
221,環境汙染,看不見並不代表無害，想要擁有健康的生活環境，裝修時選用環保建材，遠離甲醛所帶來的污染，才能讓家住得安心有保障
222,環境汙染,使用零甲醛的板材和油漆塗料，並將空間格局以適當比例安排，強調自然採光，打造舒適無壓的生活空間
223,環境汙染,選擇低逸散或零逸散揮發性有機物質的建材，居家健康就多一層保障
224,環境汙染,木角料使用F1等級防蟲防水集成角材，讓裝潢後的房子更安全健康
225,環境汙染,工廠生產的系統櫃，健康環保、耐用、收納性強，現場組裝也可減少施作現場的環境污染
226,環境汙染,行政院環境保護署於107年已公告發布鍋爐空氣污染物排放標準，並於今年7月1日開始執行，台東縣環保局表示，發布日前已建置的鍋爐業者，應執行前符合新標準規定
227,環境汙染,依環保局的資料顯示，台東全縣去(108)年已有59件汰換或改造補助案申請通過，全數完成後估計每一年可減少排放氮氧化物857公斤、硫氧化物92公斤及粒狀污染物13公斤
228,環境汙染,宏碁推出智慧空氣品質解決方案啟動《台灣健康呼吸計畫》
229,環境汙染,有外媒日前報導：「武漢疑火化大量新冠肺炎患者屍體，導致二氧化硫（SO2)濃度破千」
230,環境汙染,」windy網站發布的資料顯示：2月9日零時、1時SO2「污染區」的濃度達到1500微克/立方米以上，最高濃度甚至超過1700微克/立方米
231,環境汙染,該負責人指出，所謂的「污染區」內恰好涵蓋了武漢市部分國控或省控空氣監測站點，「經對比核實，我們空氣監測各網站該時段前後的SO2濃度僅在4~8微克/立方米之間波動，兩者濃度差距達到200倍之多
232,環境汙染,台中市神岡區沅泰電鍍工廠，為節省清除廢液、汙泥處理等費用，涉嫌非法排放有毒廢水至工廠附近的排水溝，恐危害生態及人體健康
233,環境汙染,檢警接獲檢舉後，於2019年1月前往附近埋伏，發現業者趁著深夜偷排廢水，經查，驗出鉻、鎳的濃度超標，並查出業者5年來以此方式所節省的費用達1381萬餘元
234,環境汙染,沅泰電鍍工廠涉嫌偷排有毒廢水，5年節省成本達1381萬餘元
235,環境汙染,豈料，林男等人竟為圖省下處理廢液的成本，自2014年1月27日起至2019年1月26日止，使用非法繞流的方式排放有毒廢水，經檢警查獲，測得廢水含有有害物質總鉻、鎳，且嚴重超標
236,環境汙染,環保局說，因雙酚A為毒性物質，先以光離子化檢測儀PID及火焰離子化偵檢器FID等儀器，量測周邊環境及下風處，量測值分別為0及3.2ppm，屬正常範圍
237,環境汙染,環保局已要求信昌公司依毒性化學物質事故調查處理報告作業準則，限期提出初步事故調查處理報告
238,環境汙染,台北地方法院判決台灣美國無線電公司（RCA）第二波工傷求償案員工勝訴，但RCA造成的污染至今還未整治完成，環保署表示，RCA整治計畫將第4次展延
239,環境汙染,台灣RCA於民國59年在桃園設廠生產家電，81年關廠停產，後來被發現長年使用有機溶劑三氯乙烯等，不僅造成員工工傷，也嚴重污染地下水
240,環境汙染,台北地方法院審理RCA第二波工傷求償案，昨天判決RCA等4公司應賠償1115名原告總計新台幣23億300萬元，寫下工傷案判賠金額最高紀錄
241,環境汙染,環保署土壤及地下水污染整治基金管理會副執行秘書倪炳雄告訴中央社記者，根據最近一次監測資料顯示，RCA廠址內外監測井目前仍有氯乙烯超過管制標準，包含廠外4口及廠內9口
242,環境汙染,RCA場址原整治時間是18個月，應改善期限為2011年5月6日，但因地下水尚未整治完成，RCA公司陸續向桃園市環保局提出展延計畫，第3次展延是2016年4月27日核定，截至2019年4月26日止
243,環境汙染,不過，倪炳雄表示，由於今年4月26日時，地下水污染仍未整治完成，因此RCA已經提出第4次計畫變更、欲申請整治計畫展延，桃園市環保局預計明年1月中旬審查
244,環境汙染,根據環保署資料，RCA廠區公告整治場址面積為7.2公頃，但由於污染至地下水，限制面積範圍約為50公頃
245,環境汙染,國際癌症研究署把甲醛歸類為一級致癌物，根據統計，有4成的5年裝潢仍然偵測出甲醛超標，卻只有不到30%消費者知道建材或家具中會有甲醛氣味殘留，最長需要15年才能完全揮發
246,環境汙染,購買新家具，牆壁刷上新油漆，一股刺鼻氣味撲鼻而來，這些都殘留著甲醛的氣味
247,環境汙染,新竹地檢署依違反廢棄物清理法聲押李嫌獲准，其餘共犯因坦承並繳回不法所得，訊後交保
248,環境汙染,今年九月，新竹關西鳳山溪畔發現七桶俗稱化骨水的氫氟酸，強酸味令獲報的檢警人員一接近就感到不舒服
249,環境汙染,後來從裝載廢液的桶子溯源，逮捕陳姓、劉姓男子涉案，擴大偵辦發現幕後有環保犯罪集團在操控
250,環境汙染,檢警查出，李姓男子涉嫌以低於市場行情一半價格，處理化工廠產生的廢棄液體，收集後則任意傾倒在新竹縣、桃園市及新北市等溪畔、山坡地
251,環境汙染,為確認廢棄物掩埋情形及是否造成水土流失，專案人員昨前往林口，發現原本茂密樹林，竟遭棄置大量混和型廢棄物及廢液，現場估計廢棄物有十七公尺深
252,環境汙染,環保稽查員發現，李等人為掩蓋有機溶劑異味，還以大量廢樹枝堆置，邊坡下還有不少太空包及破損貝克桶
253,環境汙染,經採樣送驗，廢液是化工廠生產樹脂產生的廢溶劑，主要成分為「二甲基乙醯胺」
254,環境汙染,檢警痛批，這些廢液恐經過土壤滲透到地下水，若民眾誤飲或接觸皮膚，恐造成肝中毒，甚至可能影響尚未出生嬰兒的生殖能力，危害甚鉅
255,環境汙染,李男到案後承認私倒廢棄物及廢液，以每車一萬元代價收受化工廠廢液桶載到山區，夜間再以軟管放流廢液到山谷
256,環境汙染,新北市副市長謝政達表示將建請檢方從重起訴，市府會協助追究後續責任
257,環境汙染,檢審查出，裕太公司自2015年間起，受綠點公司委託，負責處理綠點二廠的廢水處理廠操作維護，並去年10月間起，受綠點公司委託，負責處理綠點公司二廠的廢水處理設備解除列管工程
258,環境汙染,而32歲的賴姓工程師，受裕太公司指派擔任綠能二廠的廢水處理設備代操作人員，並於去年10月間負責處理綠能二廠的廢水處理設備解除列管工程
259,環境汙染,台苯公司雖有使用燃燒塔，但未發現明顯黑煙及其他違法情形，環保局已進廠稽查並嚴密控管中，目前周邊有害氣體的監測值均屬正常，台塑林園廠仍有持續排燒情形，環保局將持續在周邊環境進行監控，直到正常操作為止
260,環境汙染,環保局說，目前該局加強林園工業區及臨海工業區的稽查，以專案方式派員進駐管制，要求業者平日落實汙染防制設備操作，以維護空氣品質，防止汙染情事發生
261,環境汙染,環保署今天表示，近期發現新竹縣偏鄉遭棄置氫氟酸桶，已針對北中南區的廢氫氟酸再利用機構進行清查
262,環境汙染,行政院環境保護署今天發布新聞稿表示，近期在新竹縣偏鄉發現數起遭惡意棄置數百桶強酸、強鹼及廢溶劑案，甚至裡面有俗稱化骨水的氫氟酸
263,環境汙染,環境督察總隊20日動員所屬北、中、南三區環境督察大隊，針對廢氫氟酸的再利用機構及處理廠同步展開清查行動
264,環境汙染,環保署環境督察總隊北區督察大隊長張乃仁告訴中央社記者，遭惡意棄置的每桶廢液約50公升大小，這次清查行動是先針對北、中、南收受廢氫氟酸量較大的廠家，未來會以普查的方式進行各廠家的清查
265,環境汙染,張乃仁說，本次行動發現再利用機構的廠區管理並不完善，將收受劇毒廢氫氟酸直接露天堆置在廠區內，也沒有依規定標示，工廠作業人員也並不曉得如果不幸外洩沾染到的嚴重性
266,環境汙染,2019年8月起公告施行「三爺溪加嚴放流水標準」（銅放流水標準限值3.0mg/L加嚴至1.2mg/L），3處關鍵測站水質，銅皆已符合保護人體健康相關環境基準
267,環境汙染,有害空氣污染物以甲醛改善幅度達67%最大，其次為硫酸、丙烯醛等，顯示透過空氣污染管制策略，能有效改善特殊性工業區鄰近空氣品質
268,食品安全,台中市議員因為長期服用添加了硃砂的中藥，所以造成體內的鉛累積過高，造成不適的症狀。一時之間讓大家對中藥憂心忡忡。
269,食品安全,中市前議長張宏年一家四口鉛中毒，其子議員張彥彤說，父親知道曾幫助的人害他中毒，既生氣又難過。
270,食品安全,一直到近年來才注意到它的毒性，鉛會在軟組織和骨骼中積累，會損害神經系統導致神經系統疾病，如腦損傷、老人失智，並會造成骨質異常以及傷害內臟如腎臟還會造成貧血，此外還可能引發生>殖問題並影響兒童智商。
271,食品安全,許多歷史與考古學家相信「鉛中毒滅了整個羅馬帝國」。
272,食品安全,鉛是會慢慢溶出的，尤其是酒的酸性環境，溶出速度還會特別快，所以因此讓羅馬人的酒裡含有較高濃度的鉛。
273,食品安全,"羅馬人承襲希臘技術，會使用鉛鍋，將葡萄汁（或酒）煮沸濃縮變成一種葡萄濃縮露，這個濃縮露叫做 Carenum, Defrutum,或是 Sapa"
274,食品安全,然而，以現代的眼光來看，這種果露或是白色代糖是不折不扣的黑心食品添加物，因為這甜美的黑暗秘密，就是醋酸鉛。
275,食品安全,在葡萄汁（酒）長時間熬煮的過程中，鍋具的鉛會釋放出來，與葡萄汁（酒）中少量的醋酸反應成醋酸鉛，醋酸鉛固然味道很甜，也有抑制微生物生長的作用，但是醋酸鉛卻是不折不扣的重金屬來>源，吃多了當然會鉛中毒。
276,食品安全,"以包鉛的鍋具複製羅馬人的這種葡萄果露做法，發現果露中的鉛含量高達29,000ppb，以台灣食品法規規定飲用水的含鉛量標準為10ppb參考，這足足高出2900倍，而以天然果汁的含鉛量標準30ppb來比較，也是高出將近1000倍。"
277,無關,林欽榮從一九七○年代十大建設以來，由國家主導重工業型產業形塑高雄的產業發展，包含大造船廠、大煉鋼廠、石化工業等，並催生出加工出口區及民間百業興盛，除支撐起高雄的產業進展，也帶來了眾多人口。
278,無關,值此全球產業尋求轉型以及撤出中國之際，美國在台協會酈英傑處長曾多次肯定台灣科技產業與社會軟實力，認為「現在是台灣的時刻」，而前行政院副院長陳其邁也發言，接下來更是「高雄的時刻」
279,無關,高雄可以利用優勢創造彎道超車機會，尤其串聯台南、高雄產業科技走廊，必然可以後發先至。
280,無關,這也是高雄重新審視產業轉型與翻轉城市格局的重要契機。
281,無關,高雄市房地產在六都中相對平價，年輕人只要認真工作五年，便有機會購屋成家立業。
282,無關,因此只要高雄快速翻轉產業結構，釋出就業機會，必可吸引大量年輕勞動力。
283,無關,高雄必須先構成產業聚落的形成，加速推動橋頭科學園區，連接台南台積電、高雄日月光和華邦電等半導體大廠，配合經濟部「領航企業深耕計畫」針對下一世代半導體、5G通訊及AI產業，向國際大廠招商，加速成為先進半導體產業聚落，創造年輕人就業機會、帶動高科技產業成長。
284,無關,並把南科、路竹一直到橋頭的科技廊道接起來，讓台南到高雄串連成規模更大、機能更完整的「南高大都會科技走廊（半導體先進製程產業聚落）」
285,無關,加工出口區也正面臨產業智慧化升級、台商回流以及關鍵科技製程回台，未來市府務必爭取經濟部積極重視。
286,無關,臨海的亞洲新灣區正是下一步發展的瑰寶，有必要推動中華電信、中鋼國營事業及台灣ICT大廠結合國際大廠一起領軍進駐，共同扶植AIOT新創事業。
287,無關,AI、5G新創基地則必須爭取落腳結合高雄軟體園區，並運用高雄雙港，結合電子商務，提高高雄會展及物流能量，使高雄成為南向國家亞洲會展及物流門戶。
288,無關,進一步則需發展郵輪母港服務中心、妥善經營流行音樂中心，打造休閒遊憩生活區域及國際觀光旅遊的門戶。
289,無關,高雄的城市發展雖不必然要有科學園區，但是在全球產業轉型當下，以及數位轉型的此刻，高雄以及大南方確實需要有國家政策指引及資源挹注。
290,無關,「苗栗火車站東西站及周邊環境再造工程」預計9月完工，縣長徐耀昌視察期許苗栗市再發展。
291,無關,苗栗縣政府配合內政部營建署城鎮之心計畫辦理「苗栗火車站東西站及周邊環境再造工程」，總經費2億500萬元，目前工程進度已達87％，預計9月完工。
292,無關,縣長徐耀昌昨視察表示，中央另同時辦理火車頭園區統包工程，苗栗市也正進行污水下水道、田寮圳分洪、聯大路排水等重大工程，經費近20億元，期許苗栗市再發展。
293,無關,整體工程範圍包括東站改善車站舊站體和交通動線，提供商業活動新場域及整合東站破碎空間，營造客家山城歷史氛圍。
294,無關,整合西站交通動線的分流，以整頓站前停車亂象，並以城市森林意象打造站前景觀，而原在東站前的表演廣場也移至西站，提供學生或社區表演和鄉親休憩空間。
295,無關,計畫並以火車站為起點，導入鐵路意象建構自行車道系統串接至貓裏山公園和功維敘隧道口，全長約2公里，除方便遊客，也讓騎自行車上下學的學生更便捷安全。
296,無關,車站旁的三西街及鐵道公園，增設東站到鐵道公園人行空間的串聯性，並增加公園景觀設施。
297,環境汙染,墾丁和小琉球海底珊瑚白化程度嚴重，台灣潛水公司近日在官網公告，「不歡迎擦防曬乳或化妝品客人下水」，一改柔性勸導，希望能為珊瑚復育出力。
298,環境汙染,陳琦恩表示，氣候變遷造成的高溫是全球的大環境問題，不是單一個人能改變，人類能做的就是減少人為破壞。除了公告不歡迎遊客擦防曬乳、化妝品外，也將實施一週一天吃素、節能用電等，減少促成高溫因子。
299,環境汙染,中研院生物多樣性研究中心研究員陳昭倫說，國外研究證實，具遮光功能成分的二苯甲酮及甲氧基肉桂酸辛酯等化學物質，會打亂珊瑚蟲的內分泌，破壞成年珊瑚的DNA，造成幼蟲提早骨骼化，無力適應海水升溫，導致白化最後死亡。
300,環境汙染,屏東海生館研究員樊同雲也表示，珊瑚只要環境受到刺激就會產生白化現象，例如海水污染、沿岸水土衝入海裡等，而防曬乳、化妝品等保養品的化學物質如果量大也會刺激珊瑚造成白化。
301,無關,美國衛生部長艾薩率團訪台，11日下午赴台大公衛學院發表公開演說，肯定台灣在全球COVID-19疫情中，以「台灣模式」在公共衛生方面展現實力與成就。
302,無關,今晨最新美參議員賀錦麗任拜登副手，首位非裔副總統參選人川普讚許台灣防疫有成
303,無關,艾薩也說，台灣近4年未能以觀察員身分參與世界衛生組織，他親眼看見台灣遭排除於國際場域外所導致的負面結果。
304,無關,對於10日「誤稱」總統蔡英文，艾薩接受中央社專訪表示，他致詞時提到蔡總統5次，其中一次「意外發音失誤」，但他很確定，蔡總統並未感到被冒犯，因為他當然無意冒犯。
305,無關,他並說，美國是台灣的朋友，美國重視並尊敬台灣。
306,無關,黎智英12日凌晨獲釋，被指勾結外國勢力香港壹傳媒集團創辦人黎智英父子3人及壹傳媒4名高層、前香港眾志成員周庭等人因涉違反港區維護國家安全法等罪名，10日先後被拘捕。
307,無關,11日晚間黎智英次子黎耀恩、長子黎見恩、壹傳媒行政總裁張劍虹、周庭陸續獲准交保外出，黎智英12日凌晨獲釋。
308,無關,而黎智英被捕，集團旗下的蘋果日報11日如常發行，據蘋果日報網站報導，11日報紙銷售更搶手，有讀者早上排隊購買以示支持，報紙加印至55萬份。
309,無關,另外，有不少日本網友在推特發起#FreeAgnes（釋放周庭）標籤聲援，一度衝上日本推特趨勢第一名。
310,無關,台股近期多空交戰，盤勢震盪劇烈，台股由電子權值股帶動創歷史高點後，市場資金也由電子股進傳產股，投資人可留意近期盤面的「人氣傳產股」，並用相關權證跟上類股輪動行情的腳步。
311,無關,塑化產品報價在經歷第1季新冠肺炎疫情衝擊後，第2季國際油價開始回穩，且在5、6月歐美國家開始解封，價格進一步走揚後，也帶動塑化報價開始反彈
312,無關,各產品線利差逐漸轉正，其中，中石化（1314）、達新（1315）在各擁題材下，權證券商建議，可利用權證參與個股行情。
313,無關,分析師表示，今年進入下半年後，國際油價已逐步回升，各國解封重啟經濟也有利需求反彈，各公司營運較上半年好轉，觀察族群獲利表現，在疫情衝擊趨緩後，將由需求面轉回供給面，供需結構趨於寬鬆的方向仍將持續，只有各擁利基的個股，有進一步表現空間。
314,無關,中石化看好5G商機，朝向特用化學下游整合，將強化OPP（鄰苯基苯酚）相關的產業鏈布局；
315,無關,中石化生產的特化品OPP是環己酮下游衍生物，主要作為阻燃劑，應用在高階光學材料、電子材料、殺菌防腐劑和合成新型樹脂等領域，看好未來很多5G材料可能會應用到PP，中石化決定朝向下游擴大布局。
316,無關,車壇新訊，國際車訊，發燒車訊
317,無關,賓士未來還要大砍7款銷售陣容韓系轎跑「刺針」回歸
319,無關,小改款福斯Arteon／Arteon Shooting Brake德國預售開跑全新世代
320,無關,Audi S3車系正式發表 帶來如往常嗆辣的306匹馬力！
321,無關,下一代Nissan Maxima 將會以EV電動車姿態出現這輛Mercedes-Benz C-class測試車怎麼有殺氣？原來是AMG！性能碗公終於有譜了？
322,無關,全新BMW M3 Touring傳2023年登場！
323,無關,Toyota 86/Subaru BRZ才剛宣布停產就有大改款偽裝車現身
324,無關,Corolla Hybrid成Toyota歐洲上半年最熱銷車系
325,無關,外傳Mazda CX-5後繼車將於2022年搭載全新後驅底盤上市！
326,無關,留意孩子使用網路和手機的安全性，因為「網路性剝削」的通報案件攀升，被害人年齡下降，曾接獲通報最小年齡才9歲，性剝削的手法也從陌生網友以遊戲點數或教導認識身體誘騙，轉為偷拍、網路交友性愛視訊側錄要脅。
327,無關,兒少的性剝削通報案件，主要是「拍攝、製造兒少性交或猥褻行為的圖畫、照片、影片、影帶、光碟、電子訊號或其他物品
328,無關,新北市家庭暴力暨性侵害防治中心提醒家長，完整保存網頁內容或手機訊息，萬一受害時可做為報案證據。
329,無關,以前是陌生網友以遊戲點數、教導認識身體為由誘騙兒少拍攝私密影像照片，也有以「韓團經紀人海選」及粉絲團等誘騙，近來較常見的是偷拍、網路交友性愛視訊遭側錄，加害人取得影像後，再進一步脅迫兒少拍攝更多的裸露影像。
330,無關,雙方衝突直到鄭男拾起路旁木棍阻擋才平息 一審新竹地院審理時，法官認為李兵犯後懊悔不已、態度良好，考量他年紀尚輕，當初僅因一時衝動而犯罪，依法判處拘役59日，得易科罰金5萬9千元，並予以緩刑2年。 
331,無關,高院審理時認為，鄭男是「上官」非「長官」，本來就不能以「對上官施強暴罪」判刑
332,無關,加上鄭男在審判期間有人承認，案發當下情緒上來時，他有先對李兵嗆聲「出來單挑」等語及其他髒話，李兵受激後才發動攻擊。綜合以上，認為原判決並無過輕或違反罪刑原則，審結駁回上訴。 
333,無關,軍方得知此判決結果後，質疑李兵「以下犯上」還得緩刑，懲罰實在過輕，此刑度將嚴重損及軍紀，在提出其他雷同案例最少判刑3月佐證後，委請檢察官上訴。 
334,無關,邵男領患有思覺失調症，領有身障手冊，經送鑑定後，醫院推斷他案發當下有發病，精神障礙使他辨識行為及能力有顯著減低的狀態，對此，法官衡量邵男犯罪手段及行為嚴重性後，認為他短期內沒有再犯情形，裁定暫不需監護處分，審結減輕刑度判處拘役30日，得易科罰金3萬元。全案仍可上訴。 
335,無關,刑事局今天舉行破案記者會指出，7月29日接獲駐台北越南經濟文化辦事處官員代表被害人越南籍阮姓移工家屬報案，指阮姓移工在台遭限制自由及被毆打凌虐，犯嫌還以阮姓移工積欠賭債為由，向其越南家屬要求匯款30萬元，否則將對阮姓移工和其家人不利。
336,無關,美國司法部長巴爾今年二月間宣布，起訴四名中國人民解放軍駭客入侵消費者信用資料公司Equifax系統，竊取上億美國人個資。
337,無關,自二○○八年以來就常見的惡意軟體Taidoor，是與中國政府有關的木馬程式，被用來竊取情報。這是今年二月以來，美國政府針對北韓駭客利用六種惡意程式發動網路攻擊示警之後，最新一次呼籲美國企業注意與外國政府有關的駭侵行動。
338,無關,美國國土安全部網路暨基礎設施安全署（CISA）、聯邦調查局（FBI），以及國防部網路司令部（CyberCom）聯合警告，「鑑別出一款中國政府網路攻擊者使用的惡意軟體Taidoor的變種」。Taidoor早自二○○八年就出現，二○一二、一三年曾發現這系列惡意程式較早的變種版本，這次美國官方示警的版本分為針對三十二和六十四位元系統，中國政府一直利用這種惡意軟體竊取情報。
339,無關,第一個檔案是啟動服務的載入器，會解開第二個檔案、即主要的遠端控制木馬程式（RAT），載入記憶體中執行」。接著，這個Taidoor木馬程式就讓中國駭客得以進入遭感染的系統，擷取資料或部署其他惡意軟體
340,無關,眼鏡王蛇是世界上體型最長的毒蛇，毒液里含有致命「神經毒素」，可以在短短3小時內殺死一頭成年大象，而成年人被咬傷後的致死率高達60%，且通常30分鐘內缺乏治療就會死亡。 
341,無關,西寧省總醫院的代表表示，「尤其是在有毒的蛇的情況下，人們不應該自己捉蛇。被咬傷的人一般死因有兩個，一是毒液生效後首先會四肢癱瘓、呼吸困難，沒有及時處理就會窒息而死；二是毒液可能會損害心肌，導致急性心衰竭，再來引起感染後組織會壞死。
342,無關,受蛇咬傷的患者首先要脫離危險區域，避免下一步的襲擊，同時盡可能減少身體活動，因為運動時的肌肉收縮會讓毒液擴散更快，「眼鏡王蛇在咬傷後就被迅速掐住了頭，當蛇頭被這樣緊緊握住時，自然反應就是纏繞住潘文泰先生的手。」 
343,無關, 他也警告民眾，「南部地區目前正處於雨季，危險的毒蛇經常出沒在房屋周圍的樹木或草叢，這就是為什麼農村地區的人需要定期清理灌木叢，防止野蛇入侵，也盡量不要讓孩童去樹木繁茂的花園玩耍。」 ?這樣買很便宜
344,無關,王婉諭指出，在發生這樣的事件後，政府部門要做的首要任務，應該是減輕民眾的擔心與緊張，但她想問的是，行政院、司法院、法務部、衛福部等權責單位，是否有建立後續的橫向聯繫。
345,無關,王婉諭期待，司法院能夠出面更完整地向社會大眾釋疑，解釋清楚判決作成的理由、是基於考量行為人哪些具體的案件脈絡、情節，所以才適用減輕或免除刑度的決定。
346,無關,王婉諭強調，這類的重大案件宣判，常使得不熟悉法律適用原因的民眾感到恐慌，或者加深對於司法的誤解，司法院雖然已發布新聞稿，但稍嫌簡略，恐怕還是無法讓社會大眾理解。
347,無關,此外，在責付給衛生局之前，是否有先與衛政單位進行溝通，以及衛生局在沒有司法約束力的情況下，是否能夠順利執行他的處遇計畫。 
348,無關, 另外60歲的被告托馬斯(Philip Thomas)周四並未出庭，已被發出逮捕令緝拿。 阿里女士描述了這段長達11秒鐘的影片說：「一名成年男性抓著一隻黑色的中型狗，狗的背部靠在他的肚子上。」
349,無關,檢察官艾拉阿里(Ayra Ali)說，因為影片流出，因此提出了起訴。 拍下影片的男子，同樣因為涉嫌藏有極端色情品而在威勒爾治安法院(Wirral Magistrates' Court)受審。
350,無關,根據東森新聞報導，雖然命案已經發生2年多，但鄰居們講到這件事都還是相當激動，紛紛透露現在倒垃圾、下去地下室都「嚇死了，甚至不敢搭電梯，而事發的中庭更是盡量避免走過。 「人命耶，怎麼會無罪？」
351,無關,日前台北街頭有民眾因帕金森氏症突然發作，倒臥路邊爬不起來，程姓男子經過看到，竟然假裝要幫忙找證件送醫，趁被害人無力反抗時，伸手進口袋裡，抽手1000千元大鈔後離去，所幸有其他善心路人幫忙打119送被害人就醫，全程都被監視器拍下，台北地檢署調查後，依搶奪罪起訴程男。
352,無關,21日深夜發現贓車出現在白河與嘉義交界處，偵查隊小隊長李智錚等3員追到嘉義攔車要求受檢時，傅姓通緝犯拒檢，反而倒車欲逃離並衝撞偵防車，小隊長李智錚朝該車輪胎、左側車門及車窗計射擊3槍阻止其衝撞行為，逮捕傅嫌後現他頭部中槍，經送醫救治待取出子彈，目前無生命危險。 
